<?xml version="1.0" encoding="UTF-8"?>
<plcConfiguration xmlns:xsi="http://www.w3.org/2001/XMLSchema-instance"
                  xsi:noNamespaceSchemaLocation="melsec.xsd">

  <melDevices>
    <melDevice name="X" id="1" type="BIT" maxsize="8192">
      <logSize>8192</logSize>
    </melDevice>
    <melDevice name="Y" id="2" type="BIT" maxsize="8192"/>
    <melDevice name="B" id="23" type="BIT" maxsize="12288"/>
    <melDevice name="D" id="13" type="WORD" maxsize="18432"/>
    <melDevice name="L" id="3" type="BIT" maxsize="3072"/>
    <melDevice name="M" id="4" type="BIT" maxsize="32768"/>
    <melDevice name="R" id="22" type="WORD" maxsize="32768"/>
    <melDevice name="V" id="21" type="BIT" maxsize="2048"/>
    <melDevice name="SD" id="14" type="WORD" maxsize="8192"/>
    <melDevice name="ZR" id="22000" type="ZR" maxsize="1042432">
      <logSize>65536</logSize>
    </melDevice>
  </melDevices>

  <logCycle>100</logCycle>

  <readBlocks>
    <readBlock>
      <readDevice>X</readDevice>
      <readDevice>Y</readDevice>
      <readDevice>M</readDevice>
      <readDevice>V</readDevice>
    </readBlock>
    <readBlock>
      <readDevice>B</readDevice>
      <readDevice>L</readDevice>
    </readBlock>
    <readBlock>
      <readDevice>D</readDevice>
    </readBlock>
    <readBlock>
      <readDevice>R</readDevice>
    </readBlock>
    <readBlock maxblock="6">
      <readDevice>ZR</readDevice>
    </readBlock>
  </readBlocks>

</plcConfiguration>
